LOT,WAF3,INTRO_DATE,START_DATE,CHAMBER,PREV_LOT,PREV_MAX_WAF3,PREV_START_TIME,DELTA_MINUTES,DELTA_HOURS
W5372350,19,2025-09-24 10:51:32,2025-09-24 11:13:11,ADH101,W5369350,250,2025-09-24 05:32:16,340.9166666666667,5.6819444444444445
W5369350,27,2025-09-24 05:13:20,2025-09-24 05:28:25,ADH101,W5376970,342,2025-09-24 04:07:44,80.68333333333334,1.3447222222222224
W5376970,25,2025-09-24 04:00:22,2025-09-24 04:03:47,ADH101,W5370020,273,2025-09-24 03:51:52,11.916666666666666,0.1986111111111111
W5370020,13,2025-09-24 03:33:54,2025-09-24 03:38:57,ADH105,W5370000,333,2025-09-24 03:38:28,0.48333333333333334,0.008055555555555555
W5370000,218,2025-09-24 03:26:51,2025-09-24 03:30:13,ADH101,W518T9W0,823,2025-09-24 01:46:42,103.51666666666667,1.7252777777777777
W518T9W0,539,2025-09-24 01:16:53,2025-09-24 01:33:21,ADH102,W449T950,239,2025-09-24 01:32:40,0.6833333333333333,0.01138888888888889
W449T950,190,2025-09-24 01:05:45,2025-09-24 01:18:38,ADH105,W449T920,197,2025-09-24 01:17:58,0.6666666666666666,0.01111111111111111
W449T920,20,2025-09-24 01:05:25,2025-09-24 01:08:56,ADH101,W5068770,293,2025-09-24 00:28:44,40.2,0.67
W5068770,284,2025-09-24 00:24:39,2025-09-24 00:27:35,ADH101,W518996A,180,2025-09-24 00:14:02,13.55,0.22583333333333336
W518996A,58,2025-09-24 00:07:43,2025-09-24 00:11:54,ADH101,W5369350,250,2025-09-23 22:01:31,130.38333333333333,2.1730555555555555
W5369350,27,2025-09-23 21:54:50,2025-09-23 21:57:38,ADH101,,,,,
W5349910,64,2025-09-23 21:50:43,2025-09-23 21:55:40,ADH105,W5369330,268,2025-09-23 21:55:18,0.36666666666666664,0.0061111111111111106
W5369330,26,2025-09-23 21:46:28,2025-09-23 21:51:20,ADH101,W5289260,205,2025-09-23 21:37:37,13.716666666666667,0.22861111111111113
W5289260,144,2025-09-23 21:14:25,2025-09-23 21:26:59,ADH101,W516R91D,722,2025-09-23 20:10:43,76.26666666666667,1.271111111111111
W516R91D,678,2025-09-23 20:05:36,2025-09-23 20:10:13,ADH106,W5370020,273,2025-09-23 20:10:06,0.11666666666666667,0.0019444444444444444
W5370020,13,2025-09-23 19:35:05,2025-09-23 20:01:03,ADH102,W518TA20,784,2025-09-23 20:00:35,0.4666666666666667,0.0077777777777777776
W518TA20,526,2025-09-23 19:34:34,2025-09-23 19:47:13,ADH105,W518TA00,350,2025-09-23 19:46:35,0.6333333333333333,0.010555555555555556
W518TA00,301,2025-09-23 18:49:48,2025-09-23 19:37:31,ADH101,W5348190,250,2025-09-23 18:04:18,93.21666666666667,1.553611111111111
W5348190,125,2025-09-23 17:55:59,2025-09-23 18:00:18,ADH101,W5369350,250,2025-09-23 17:45:36,14.7,0.245
W5369350,27,2025-09-23 17:38:22,2025-09-23 17:41:47,ADH101,W518TA30,562,2025-09-23 17:35:21,6.433333333333334,0.10722222222222223
W518TA30,527,2025-09-23 17:23:00,2025-09-23 17:26:21,ADH101,W536R900,580,2025-09-23 17:10:40,15.683333333333334,0.2613888888888889
W536R900,530,2025-09-23 17:06:48,2025-09-23 17:10:14,ADH101,,,,,
W518R100AA,804,2025-09-23 16:46:01,2025-09-23 16:50:23,ADH101,,,,,
W518R10D,803,2025-09-23 16:43:27,2025-09-23 16:47:14,ADH105,W5376990,325,2025-09-23 16:46:48,0.43333333333333335,0.007222222222222223
W5376990,123,2025-09-23 16:28:23,2025-09-23 16:37:22,ADH101,W5389970,130,2025-09-23 16:19:40,17.7,0.295
W5389970,3,2025-09-23 16:15:05,2025-09-23 16:18:39,ADH101,W537R93A,670,2025-09-23 13:02:56,195.71666666666667,3.2619444444444445
W537R93A,647,2025-09-23 12:55:20,2025-09-23 13:01:02,ADH101,W518T9Z0,650,2025-09-23 11:44:51,76.18333333333334,1.2697222222222222
W518T9Z0,601,2025-09-23 11:28:30,2025-09-23 11:32:58,ADH101,W518TA60,501,2025-09-23 11:30:08,2.8333333333333335,0.04722222222222223
W518TA60,451,2025-09-23 11:10:17,2025-09-23 11:21:08,ADH101,W449T930,275,2025-09-23 10:44:37,36.516666666666666,0.6086111111111111
W449T930,139,2025-09-23 10:21:55,2025-09-23 10:28:42,ADH101,W5299550D,173,2025-09-23 10:28:16,0.43333333333333335,0.007222222222222223
W5299550D,171,2025-09-23 10:13:01,2025-09-23 10:27:08,ADH105,W505T650,161,2025-09-23 10:26:29,0.65,0.010833333333333334
W505T650,6,2025-09-23 10:11:35,2025-09-23 10:17:28,ADH101,W505T670,82,2025-09-23 09:56:14,21.233333333333334,0.3538888888888889
W505T670,3,2025-09-23 09:43:13,2025-09-23 09:46:40,ADH104,W536R90A,625,2025-09-23 09:46:18,0.36666666666666664,0.0061111111111111106
W536R90A,581,2025-09-23 09:38:51,2025-09-23 09:44:24,ADH101,W538R96B,771,2025-09-23 06:43:06,181.3,3.021666666666667
W538R96B,750,2025-09-23 06:37:27,2025-09-23 06:41:12,ADH101,W5068770,293,2025-09-23 05:35:41,65.51666666666667,1.0919444444444444
W5068770,284,2025-09-23 05:19:09,2025-09-23 05:31:53,ADH105,W5389890,241,2025-09-23 05:31:46,0.11666666666666667,0.0019444444444444444
W5389890,95,2025-09-23 05:11:16,2025-09-23 05:22:21,ADH101,W5369350,250,2025-09-23 03:11:36,130.75,2.1791666666666667
W5369350,27,2025-09-23 03:03:22,2025-09-23 03:07:45,ADH101,W5348190,250,2025-09-23 01:37:15,90.5,1.5083333333333333
W5348190,125,2025-09-23 01:29:25,2025-09-23 01:33:17,ADH101,W5299550C,170,2025-09-22 22:10:08,203.15,3.3858333333333333
W5299550C,164,2025-09-22 22:05:48,2025-09-22 22:09:38,ADH101,W5369350,250,2025-09-22 19:31:14,158.4,2.64
W5369350,27,2025-09-22 19:24:34,2025-09-22 19:27:24,ADH101,W5299550B,163,2025-09-22 19:08:00,19.4,0.3233333333333333
W5299550B,162,2025-09-22 19:04:32,2025-09-22 19:07:54,ADH101,W5369330,268,2025-09-22 18:59:57,7.95,0.1325
W5369330,26,2025-09-22 18:49:06,2025-09-22 18:51:42,ADH101,W5370020,273,2025-09-22 17:19:36,92.1,1.535
W5370020,13,2025-09-22 17:10:56,2025-09-22 17:15:34,ADH101,W5348190,250,2025-09-22 17:08:26,7.133333333333334,0.11888888888888889
W5348190,125,2025-09-22 16:59:49,2025-09-22 17:04:27,ADH101,,,,,
W5349910,64,2025-09-22 16:41:11,2025-09-22 17:02:08,ADH101,W5249240,275,2025-09-22 15:52:51,69.28333333333333,1.1547222222222222
W5249240,51,2025-09-22 15:44:03,2025-09-22 15:49:22,ADH101,W528R62A,673,2025-09-22 14:50:17,59.083333333333336,0.9847222222222223
W528R62A,558,2025-09-22 14:45:25,2025-09-22 14:49:01,ADH101,W529955A,161,2025-09-22 13:33:58,75.05,1.2508333333333332
W529955A,160,2025-09-22 13:30:11,2025-09-22 13:33:53,ADH101,W516907A,169,2025-09-22 13:10:02,23.85,0.3975
W516907A,122,2025-09-22 12:52:34,2025-09-22 13:01:38,ADH105,W5376990,325,2025-09-22 13:01:23,0.25,0.004166666666666667
W5376990,123,2025-09-22 12:49:56,2025-09-22 12:53:14,ADH101,W5370000,333,2025-09-22 12:16:47,36.45,0.6075
W5370000,218,2025-09-22 12:08:18,2025-09-22 12:12:48,ADH101,W506948A,98,2025-09-22 11:42:08,30.666666666666668,0.5111111111111112
W506948A,87,2025-09-22 11:23:46,2025-09-22 11:33:23,ADH105,W5389890,241,2025-09-22 11:32:32,0.85,0.014166666666666666
W5389890,95,2025-09-22 11:20:43,2025-09-22 11:24:24,ADH101,,,,,
W5349910,64,2025-09-22 11:06:20,2025-09-22 11:12:31,ADH101,W5069470,46,2025-09-22 10:39:26,33.083333333333336,0.5513888888888889
W5069470,31,2025-09-22 10:22:01,2025-09-22 10:36:21,ADH101,W5370020,273,2025-09-22 09:09:51,86.5,1.4416666666666667
W5370020,13,2025-09-22 09:02:30,2025-09-22 09:05:53,ADH101,W537R92A,787,2025-09-22 08:16:08,49.75,0.8291666666666667
W537R92A,712,2025-09-22 08:11:07,2025-09-22 08:14:15,ADH101,W509R44A,723,2025-09-22 07:52:30,21.75,0.3625
W509R44A,635,2025-09-22 07:47:33,2025-09-22 07:51:30,ADH101,W5376970,342,2025-09-22 07:39:31,11.983333333333333,0.19972222222222222
W5376970,25,2025-09-22 07:25:58,2025-09-22 07:33:39,ADH105,W5348190,250,2025-09-22 07:33:17,0.36666666666666664,0.0061111111111111106
W5348190,125,2025-09-22 07:25:13,2025-09-22 07:29:19,ADH101,W5299560,276,2025-09-22 06:28:59,60.333333333333336,1.0055555555555555
W5299560,203,2025-09-22 06:20:03,2025-09-22 06:24:54,ADH105,W5369330,268,2025-09-22 06:24:25,0.48333333333333334,0.008055555555555555
W5369330,26,2025-09-22 06:07:03,2025-09-22 06:16:10,ADH101,W5389890,241,2025-09-22 05:40:00,36.166666666666664,0.6027777777777777
W5389890,95,2025-09-22 05:16:39,2025-09-22 05:31:51,ADH101,W518996A,180,2025-09-22 03:14:15,137.6,2.2933333333333334
W518996A,58,2025-09-22 03:08:43,2025-09-22 03:12:06,ADH101,W5379640,151,2025-09-22 02:40:05,32.016666666666666,0.5336111111111111
W5379640,100,2025-09-22 02:24:31,2025-09-22 02:28:39,ADH105,W5370000,333,2025-09-22 02:28:17,0.36666666666666664,0.0061111111111111106
W5370000,218,2025-09-22 02:19:44,2025-09-22 02:24:19,ADH101,W532919A,224,2025-09-22 00:33:28,110.85,1.8475
W532919A,221,2025-09-22 00:29:05,2025-09-22 00:33:08,ADH101,W5049770,16,2025-09-21 23:04:00,89.13333333333334,1.4855555555555557
W5049770,3,2025-09-21 22:55:34,2025-09-21 23:00:54,ADH101,W5372690,271,2025-09-21 22:44:17,16.616666666666667,0.27694444444444444
W5372690,51,2025-09-21 22:29:18,2025-09-21 22:34:51,ADH101,W5389900,200,2025-09-21 22:15:12,19.65,0.32749999999999996
W5389900,76,2025-09-21 21:53:08,2025-09-21 22:00:59,ADH105,W5378380,281,2025-09-21 22:00:51,0.13333333333333333,0.0022222222222222222
W5378380,157,2025-09-21 21:48:42,2025-09-21 21:51:25,ADH101,W5389890,241,2025-09-21 21:12:31,38.9,0.6483333333333333
W5389890,95,2025-09-21 21:00:41,2025-09-21 21:04:21,ADH101,W532919A,224,2025-09-21 20:24:45,39.6,0.66
W532919A,221,2025-09-21 20:18:46,2025-09-21 20:24:21,ADH101,W518996A,180,2025-09-21 20:19:29,4.866666666666666,0.0811111111111111
W518996A,58,2025-09-21 20:05:10,2025-09-21 20:11:28,ADH105,W5376980,246,2025-09-21 20:11:21,0.11666666666666667,0.0019444444444444444
W5376980,39,2025-09-21 19:58:37,2025-09-21 20:01:54,ADH101,W5372680,298,2025-09-21 18:03:46,118.13333333333334,1.968888888888889
W5372680,61,2025-09-21 17:51:20,2025-09-21 17:54:37,ADH101,W4429290,90,2025-09-21 17:09:40,44.95,0.7491666666666668
W4429290,61,2025-09-21 17:06:06,2025-09-21 17:09:14,ADH101,W5299560,276,2025-09-21 17:04:11,5.05,0.08416666666666667
W5299560,203,2025-09-21 16:59:00,2025-09-21 17:02:17,ADH101,W5389890,241,2025-09-21 16:03:46,58.516666666666666,0.9752777777777778
W5389890,95,2025-09-21 15:42:37,2025-09-21 15:51:39,ADH105,W5379640,151,2025-09-21 15:51:25,0.23333333333333334,0.0038888888888888888
W5379640,100,2025-09-21 15:40:22,2025-09-21 15:43:15,ADH101,W5335580,284,2025-09-21 14:49:36,53.65,0.8941666666666667
W5335580,23,2025-09-21 14:35:06,2025-09-21 14:40:35,ADH101,W5379590,377,2025-09-21 14:32:06,8.483333333333333,0.14138888888888887
W5379590,174,2025-09-21 14:15:43,2025-09-21 14:19:13,ADH102,W5389900,200,2025-09-21 14:17:45,1.4666666666666666,0.024444444444444442
W5389900,76,2025-09-21 14:01:23,2025-09-21 14:07:34,ADH105,W5348190,250,2025-09-21 14:07:12,0.36666666666666664,0.0061111111111111106
W5348190,125,2025-09-21 14:00:00,2025-09-21 14:03:13,ADH101,W5370000,333,2025-09-21 13:56:42,6.516666666666667,0.10861111111111112
W5370000,218,2025-09-21 13:28:13,2025-09-21 13:52:42,ADH101,,,,,
W5349910,64,2025-09-21 12:24:14,2025-09-21 13:47:06,ADH101,W530974A,101,2025-09-21 12:26:51,80.25,1.3375
W530974A,85,2025-09-21 12:18:40,2025-09-21 12:22:11,ADH101,W5299560,276,2025-09-21 12:13:02,9.15,0.1525
W5299560,203,2025-09-21 12:08:06,2025-09-21 12:10:52,ADH101,W5376990,325,2025-09-21 12:03:11,7.683333333333334,0.12805555555555556
W5376990,123,2025-09-21 11:50:37,2025-09-21 11:53:53,ADH101,W5299550,159,2025-09-21 09:55:37,118.26666666666667,1.971111111111111
W5299550,27,2025-09-21 09:50:16,2025-09-21 09:53:35,ADH101,,,,,
W5349910,64,2025-09-21 07:36:09,2025-09-21 08:00:49,ADH101,W538R95B,784,2025-09-21 07:41:59,18.833333333333332,0.3138888888888889
W538R95B,775,2025-09-21 07:31:10,2025-09-21 07:38:04,ADH105,W5370000,333,2025-09-21 07:37:42,0.36666666666666664,0.0061111111111111106
W5370000,218,2025-09-21 07:30:10,2025-09-21 07:33:44,ADH101,W5348190,250,2025-09-21 06:44:55,48.81666666666667,0.8136111111111112
W5348190,125,2025-09-21 06:29:26,2025-09-21 06:36:32,ADH107,W506947A,252,2025-09-21 06:35:43,0.8166666666666667,0.01361111111111111
W506947A,47,2025-09-21 05:52:39,2025-09-21 06:32:15,ADH101,W5389900,200,2025-09-21 04:05:08,147.11666666666667,2.4519444444444445
W5389900,76,2025-09-21 03:51:26,2025-09-21 03:55:52,ADH101,W4429290,90,2025-09-21 00:30:42,205.16666666666666,3.4194444444444443
W4429290,61,2025-09-21 00:26:57,2025-09-21 00:30:16,ADH101,W5379640,151,2025-09-20 23:58:20,31.933333333333334,0.5322222222222223
W5379640,100,2025-09-20 23:45:27,2025-09-20 23:49:03,ADH101,W5389890,241,2025-09-20 22:45:47,63.266666666666666,1.0544444444444445
W5389890,95,2025-09-20 22:33:09,2025-09-20 22:36:30,ADH101,W5369330,268,2025-09-20 20:45:57,110.55,1.8425
W5369330,26,2025-09-20 20:36:12,2025-09-20 20:41:59,ADH101,W5369330,268,2025-09-20 15:24:57,317.03333333333336,5.28388888888889
W5369330,26,2025-09-20 15:18:12,2025-09-20 15:21:00,ADH101,W535R89B,669,2025-09-20 13:42:37,98.38333333333334,1.6397222222222223
W535R89B,614,2025-09-20 13:37:10,2025-09-20 13:42:23,ADH101,W449T970,162,2025-09-20 12:00:00,102.38333333333334,1.706388888888889
W449T970,113,2025-09-20 11:36:18,2025-09-20 11:46:37,ADH105,W449T960,225,2025-09-20 11:45:57,0.6666666666666666,0.01111111111111111
W449T960,201,2025-09-20 11:31:51,2025-09-20 11:36:56,ADH101,W530R68A,792,2025-09-20 10:48:02,48.9,0.815
W530R68A,787,2025-09-20 10:43:12,2025-09-20 10:47:30,ADH101,W518TA50,551,2025-09-20 09:57:16,50.233333333333334,0.8372222222222222
W518TA50,502,2025-09-20 09:33:18,2025-09-20 09:43:54,ADH106,W518T9W0,823,2025-09-20 09:29:25,14.483333333333333,0.24138888888888888
W518T9W0,539,2025-09-20 09:03:34,2025-09-20 09:15:23,ADH105,W449T910,250,2025-09-20 09:43:27,-28.066666666666666,-0.4677777777777778
W449T910,226,2025-09-20 09:03:14,2025-09-20 09:30:05,ADH102,W518T9X0,719,2025-09-20 09:14:43,15.366666666666667,0.2561111111111111
W518T9X0,617,2025-09-20 09:02:54,2025-09-20 09:05:42,ADH101,W5299550,159,2025-09-20 08:00:50,64.86666666666666,1.081111111111111
W5299550,27,2025-09-20 07:55:30,2025-09-20 07:58:56,ADH101,W535R89A,613,2025-09-20 07:43:55,15.016666666666667,0.25027777777777777
W535R89A,611,2025-09-20 07:40:19,2025-09-20 07:43:41,ADH101,W5369310,175,2025-09-20 06:20:52,82.81666666666666,1.3802777777777777
W5369310,33,2025-09-20 06:11:12,2025-09-20 06:13:49,ADH103,W4429290,90,2025-09-20 06:11:38,2.183333333333333,0.03638888888888889
W4429290,61,2025-09-20 06:05:08,2025-09-20 06:10:39,ADH105,W5369330,268,2025-09-20 06:10:16,0.38333333333333336,0.006388888888888889
W5369330,26,2025-09-20 06:02:33,2025-09-20 06:06:19,ADH101,W5372680,298,2025-09-20 04:03:51,122.46666666666667,2.0411111111111113
W5372680,61,2025-09-20 03:52:17,2025-09-20 03:55:42,ADH101,W5376980,246,2025-09-20 03:27:05,28.616666666666667,0.47694444444444445
W5376980,39,2025-09-20 03:08:26,2025-09-20 03:15:59,ADH101,W506948B,206,2025-09-20 03:15:51,0.13333333333333333,0.0022222222222222222
W506948B,99,2025-09-20 03:07:46,2025-09-20 03:14:53,ADH101,W5372350,193,2025-09-19 23:40:17,214.6,3.5766666666666667
W5372350,19,2025-09-19 23:01:17,2025-09-19 23:30:50,ADH101,W5378380,281,2025-09-19 22:26:23,64.45,1.0741666666666667
W5378380,157,2025-09-19 22:14:19,2025-09-19 22:18:14,ADH101,W5239020,140,2025-09-19 20:22:21,115.88333333333334,1.931388888888889
W5239020,76,2025-09-19 20:09:22,2025-09-19 20:19:16,ADH101,W5376980,246,2025-09-19 19:10:06,69.16666666666667,1.152777777777778
W5376980,39,2025-09-19 18:55:24,2025-09-19 19:00:05,ADH101,W5299550,159,2025-09-19 18:56:27,3.6333333333333333,0.06055555555555556
W5299550,27,2025-09-19 18:50:36,2025-09-19 18:54:15,ADH101,W5328690,161,2025-09-19 18:47:43,6.533333333333333,0.10888888888888888
W5328690,28,2025-09-19 18:39:58,2025-09-19 18:44:16,ADH101,,,,,
W5349910,64,2025-09-19 18:27:35,2025-09-19 18:41:59,ADH101,W5369330,268,2025-09-19 18:30:29,11.5,0.19166666666666668
W5369330,26,2025-09-19 17:55:17,2025-09-19 18:20:49,ADH102,W5376970,342,2025-09-19 18:19:46,1.05,0.0175
W5376970,25,2025-09-19 17:54:29,2025-09-19 18:05:31,ADH105,W5372690,271,2025-09-19 18:05:14,0.2833333333333333,0.004722222222222222
W5372690,51,2025-09-19 17:37:24,2025-09-19 17:57:02,ADH101,W535R850D,167,2025-09-19 16:19:42,97.33333333333333,1.6222222222222222
W535R850D,162,2025-09-19 16:13:00,2025-09-19 16:19:11,ADH101,,,,,
W535R850C,161,2025-09-19 16:12:17,2025-09-19 16:17:25,ADH101,,,,,
W535R85C,159,2025-09-19 16:07:15,2025-09-19 16:13:39,ADH101,W5372680,298,2025-09-19 13:21:55,171.73333333333332,2.862222222222222
W5372680,61,2025-09-19 13:08:57,2025-09-19 13:12:38,ADH101,,,,,
W5349910,64,2025-09-19 12:07:46,2025-09-19 12:11:32,ADH101,W5335580,284,2025-09-19 11:18:38,52.9,0.8816666666666666
W5335580,23,2025-09-19 11:00:48,2025-09-19 11:04:50,ADH101,W516907A,169,2025-09-19 10:55:00,9.833333333333334,0.1638888888888889
W516907A,122,2025-09-19 10:48:23,2025-09-19 10:51:55,ADH101,W4429290,90,2025-09-19 01:27:03,564.8666666666667,9.414444444444445
W4429290,61,2025-09-19 01:21:40,2025-09-19 01:26:37,ADH101,W5335590,209,2025-09-19 00:07:38,78.98333333333333,1.3163888888888888
W5335590,126,2025-09-18 23:52:52,2025-09-18 23:55:20,ADH105,W449T950,239,2025-09-18 23:53:34,1.7666666666666666,0.029444444444444443
W449T950,190,2025-09-18 23:29:57,2025-09-18 23:44:34,ADH101,W504977A,84,2025-09-18 23:04:41,39.88333333333333,0.6647222222222222
W504977A,77,2025-09-18 22:04:45,2025-09-18 23:04:12,ADH101,W518TA20,784,2025-09-18 20:51:37,132.58333333333334,2.2097222222222226
W518TA20,526,2025-09-18 20:36:28,2025-09-18 20:42:36,ADH101,W5069470,46,2025-09-18 20:25:38,16.966666666666665,0.28277777777777774
W5069470,31,2025-09-18 20:19:41,2025-09-18 20:22:32,ADH101,W449T920,197,2025-09-18 20:15:49,6.716666666666667,0.11194444444444444
W449T920,20,2025-09-18 20:01:31,2025-09-18 20:06:48,ADH101,W518TA00,350,2025-09-18 19:53:49,12.983333333333333,0.21638888888888888
W518TA00,301,2025-09-18 19:38:28,2025-09-18 19:44:48,ADH101,W530R69C,393,2025-09-18 19:38:55,5.883333333333334,0.09805555555555556
W530R69C,175,2025-09-18 19:24:10,2025-09-18 19:34:15,ADH101,W4429290,90,2025-09-18 17:56:10,98.08333333333333,1.6347222222222222
W4429290,61,2025-09-18 17:52:59,2025-09-18 17:55:42,ADH101,W518TA60,501,2025-09-18 17:49:16,6.433333333333334,0.10722222222222223
W518TA60,451,2025-09-18 17:14:37,2025-09-18 17:35:53,ADH105,W449T930,275,2025-09-18 17:35:16,0.6166666666666667,0.010277777777777778
W449T930,139,2025-09-18 17:05:36,2025-09-18 17:26:13,ADH101,W4509880,132,2025-09-18 13:25:35,240.63333333333333,4.010555555555555
W4509880,59,2025-09-18 13:11:23,2025-09-18 13:14:57,ADH101,W5370020,273,2025-09-18 11:18:26,116.51666666666667,1.9419444444444445
W5370020,13,2025-09-18 11:02:52,2025-09-18 11:08:59,ADH101,W5049770,16,2025-09-18 09:34:54,94.08333333333333,1.5680555555555555
W5049770,3,2025-09-18 09:26:46,2025-09-18 09:31:49,ADH101,W5249240,275,2025-09-18 06:53:12,158.61666666666667,2.6436111111111114
W5249240,51,2025-09-18 06:46:36,2025-09-18 06:49:44,ADH101,W5369330,268,2025-09-18 04:45:25,124.31666666666666,2.0719444444444446
W5369330,26,2025-09-18 04:15:07,2025-09-18 04:41:27,ADH101,W5372350,193,2025-09-18 01:31:49,189.63333333333333,3.1605555555555553
W5372350,19,2025-09-18 01:19:23,2025-09-18 01:23:40,ADH101,W5372690,271,2025-09-18 00:36:58,46.7,0.7783333333333334
W5372690,51,2025-09-18 00:22:25,2025-09-18 00:27:39,ADH101,W506948A,98,2025-09-17 22:33:26,114.21666666666667,1.9036111111111111
W506948A,87,2025-09-17 22:26:46,2025-09-17 22:30:20,ADH101,W5376980,246,2025-09-17 21:51:28,38.86666666666667,0.6477777777777778
W5376980,39,2025-09-17 21:35:42,2025-09-17 21:42:10,ADH101,W4059740,218,2025-09-17 20:39:48,62.36666666666667,1.0394444444444444
W4059740,1,2025-09-17 20:33:31,2025-09-17 20:38:40,ADH101,W5299560,276,2025-09-17 20:30:08,8.533333333333333,0.14222222222222222
W5299560,203,2025-09-17 20:25:01,2025-09-17 20:28:38,ADH101,W5239020,140,2025-09-17 18:39:14,109.4,1.8233333333333335
W5239020,76,2025-09-17 18:32:52,2025-09-17 18:36:08,ADH101,W5369330,268,2025-09-17 17:49:11,46.95,0.7825000000000001
W5369330,26,2025-09-17 17:40:14,2025-09-17 17:43:30,ADH101,W528R62A,673,2025-09-17 17:38:03,5.45,0.09083333333333334
W528R62A,558,2025-09-17 17:29:46,2025-09-17 17:35:20,ADH101,W532919A,224,2025-09-17 17:33:20,2.0,0.03333333333333333
W532919A,221,2025-09-17 16:42:06,2025-09-17 17:33:02,ADH101,W5295860,275,2025-09-17 15:29:57,123.08333333333333,2.051388888888889
W5295860,77,2025-09-17 15:07:40,2025-09-17 15:20:56,ADH101,W450R24A,567,2025-09-17 15:04:07,16.816666666666666,0.2802777777777778
W450R24A,562,2025-09-17 14:53:45,2025-09-17 15:01:47,ADH106,W5376970,342,2025-09-17 15:01:40,0.11666666666666667,0.0019444444444444444
W5376970,25,2025-09-17 14:38:15,2025-09-17 14:48:55,ADH102,W5295870,179,2025-09-17 14:48:29,0.43333333333333335,0.007222222222222223
W5295870,89,2025-09-17 14:28:34,2025-09-17 14:35:06,ADH105,W5295500,125,2025-09-17 14:34:26,0.6666666666666666,0.01111111111111111
W5295500,78,2025-09-17 14:22:38,2025-09-17 14:25:26,ADH101,W5328690,161,2025-09-17 14:18:58,6.466666666666667,0.10777777777777778
W5328690,28,2025-09-17 14:06:38,2025-09-17 14:13:21,ADH101,W506947A,252,2025-09-17 11:33:03,160.3,2.671666666666667
W506947A,47,2025-09-17 10:55:51,2025-09-17 11:29:35,ADH101,W5378380,281,2025-09-17 07:38:56,230.65,3.8441666666666667
W5378380,157,2025-09-17 07:20:23,2025-09-17 07:25:36,ADH105,W5283680,261,2025-09-17 07:24:56,0.6666666666666666,0.01111111111111111
W5283680,92,2025-09-17 07:12:26,2025-09-17 07:15:54,ADH101,W5299560,276,2025-09-17 06:55:24,20.5,0.3416666666666667
W5299560,203,2025-09-17 06:49:55,2025-09-17 06:53:30,ADH101,W5362600,327,2025-09-17 06:22:24,31.1,0.5183333333333333
W5362600,187,2025-09-17 06:15:46,2025-09-17 06:18:24,ADH101,W506948B,206,2025-09-17 06:03:30,14.9,0.24833333333333335
W506948B,99,2025-09-17 05:45:55,2025-09-17 06:00:10,ADH104,W504977A,84,2025-09-17 05:59:29,0.6833333333333333,0.01138888888888889
W504977A,77,2025-09-17 05:45:17,2025-09-17 05:56:50,ADH105,W5295510,123,2025-09-17 05:56:09,0.6833333333333333,0.01138888888888889
W5295510,2,2025-09-17 05:35:55,2025-09-17 05:47:07,ADH101,W5295880,257,2025-09-17 04:25:50,81.28333333333333,1.3547222222222222
W5295880,53,2025-09-17 04:13:10,2025-09-17 04:16:38,ADH101,W5335590,209,2025-09-17 03:26:18,50.333333333333336,0.8388888888888889
W5335590,126,2025-09-17 03:09:22,2025-09-17 03:12:30,ADH101,W5323760,201,2025-09-17 02:46:15,26.25,0.4375
W5323760,62,2025-09-17 02:34:56,2025-09-17 02:37:40,ADH101,W5372350,193,2025-09-17 02:27:01,10.65,0.17750000000000002
W5372350,19,2025-09-17 02:15:07,2025-09-17 02:17:46,ADH101,W4449630,77,2025-09-17 01:48:03,29.716666666666665,0.49527777777777776
W4449630,25,2025-09-17 01:45:06,2025-09-17 01:47:49,ADH101,W5295890,251,2025-09-17 01:14:54,32.916666666666664,0.548611111111111
W5295890,145,2025-09-17 01:02:31,2025-09-17 01:05:53,ADH101,W5299560,276,2025-09-17 00:03:24,62.483333333333334,1.041388888888889
W5299560,203,2025-09-16 23:57:34,2025-09-17 00:01:30,ADH101,W532919A,224,2025-09-16 20:51:51,189.65,3.1608333333333336
W532919A,221,2025-09-16 20:46:16,2025-09-16 20:51:30,ADH101,W5295050,225,2025-09-16 19:05:08,106.36666666666666,1.7727777777777776
W5295050,27,2025-09-16 18:53:09,2025-09-16 18:56:34,ADH101,W5369340,133,2025-09-16 17:28:15,88.31666666666666,1.4719444444444443
W5369340,40,2025-09-16 16:55:06,2025-09-16 17:24:44,ADH101,W5370010,174,2025-09-16 16:08:26,76.3,1.2716666666666667
W5370010,1,2025-09-16 15:53:32,2025-09-16 15:59:02,ADH101,W4449630,77,2025-09-16 15:56:11,2.85,0.0475
W4449630,25,2025-09-16 15:52:55,2025-09-16 15:55:57,ADH101,,,,,
W535R850C,161,2025-09-16 10:54:13,2025-09-16 11:26:32,ADH101,W5299560,276,2025-09-16 10:47:17,39.25,0.6541666666666667
W5299560,203,2025-09-16 10:41:52,2025-09-16 10:45:23,ADH101,W439967B,203,2025-09-16 09:56:03,49.333333333333336,0.8222222222222223
W439967B,196,2025-09-16 09:51:29,2025-09-16 09:55:03,ADH101,W532919A,224,2025-09-16 08:15:19,99.73333333333333,1.6622222222222223
W532919A,221,2025-09-16 08:11:56,2025-09-16 08:14:59,ADH101,W5369340,133,2025-09-16 07:28:43,46.266666666666666,0.7711111111111111
W5369340,40,2025-09-16 07:15:22,2025-09-16 07:19:49,ADH104,W505T680,84,2025-09-16 07:18:38,1.1833333333333333,0.01972222222222222
W505T680,10,2025-09-16 06:37:41,2025-09-16 06:59:00,ADH107,W518T9Z0,650,2025-09-16 06:58:33,0.45,0.007500000000000001
W518T9Z0,601,2025-09-16 06:17:39,2025-09-16 06:38:55,ADH103,W518TA30,562,2025-09-16 06:37:44,1.1833333333333333,0.01972222222222222
W518TA30,527,2025-09-16 05:57:51,2025-09-16 06:17:30,ADH106,W505T670,82,2025-09-16 06:16:18,1.2,0.02
W505T670,3,2025-09-16 05:18:20,2025-09-16 05:56:40,ADH102,W505T650,161,2025-09-16 05:56:14,0.43333333333333335,0.007222222222222223
W505T650,6,2025-09-16 05:18:00,2025-09-16 05:36:35,ADH105,W449T970,162,2025-09-16 05:35:23,1.2,0.02
W449T970,113,2025-09-16 05:17:40,2025-09-16 05:21:36,ADH101,W4519170,197,2025-09-16 00:52:02,269.56666666666666,4.4927777777777775
W4519170,18,2025-09-16 00:42:26,2025-09-16 00:46:11,ADH101,W5362600,327,2025-09-15 23:31:39,74.53333333333333,1.2422222222222221
W5362600,187,2025-09-15 23:19:56,2025-09-15 23:23:24,ADH101,W535R850D,167,2025-09-15 22:56:11,27.216666666666665,0.4536111111111111
W535R850D,162,2025-09-15 22:52:40,2025-09-15 22:56:06,ADH101,W5370010,174,2025-09-15 21:05:05,111.01666666666667,1.8502777777777777
W5370010,1,2025-09-15 20:53:32,2025-09-15 20:56:56,ADH101,W537R92B,797,2025-09-15 20:19:53,37.05,0.6174999999999999
W537R92B,788,2025-09-15 20:13:53,2025-09-15 20:16:36,ADH101,W5019770,248,2025-09-15 20:14:59,1.6166666666666667,0.026944444444444444
W5019770,152,2025-09-15 20:11:02,2025-09-15 20:14:27,ADH101,W536R90B,796,2025-09-15 19:16:05,58.36666666666667,0.9727777777777777
W536R90B,626,2025-09-15 19:08:23,2025-09-15 19:14:12,ADH101,,,,,
W5370020R2,251,2025-09-15 19:08:02,2025-09-15 19:11:20,ADH101,W535R850,124,2025-09-15 18:35:49,35.516666666666666,0.5919444444444444
W535R850,110,2025-09-15 18:29:46,2025-09-15 18:34:11,ADH106,W5299560,276,2025-09-15 18:33:01,1.1666666666666667,0.019444444444444445
W5299560,203,2025-09-15 18:28:18,2025-09-15 18:31:07,ADH101,W530R68A,792,2025-09-15 18:11:54,19.216666666666665,0.3202777777777778
W530R68A,787,2025-09-15 18:07:42,2025-09-15 18:11:20,ADH101,W5362600,327,2025-09-15 17:40:13,31.116666666666667,0.5186111111111111
W5362600,187,2025-09-15 16:18:39,2025-09-15 17:31:57,ADH101,W5370000,333,2025-09-15 14:47:57,164.0,2.7333333333333334
W5370000,218,2025-09-15 14:04:47,2025-09-15 14:13:24,ADH101,W4489280,100,2025-09-15 11:50:11,143.21666666666667,2.3869444444444445
W4489280,38,2025-09-15 11:30:41,2025-09-15 11:41:29,ADH102,W531R73C,812,2025-09-15 11:40:40,0.8166666666666667,0.01361111111111111
W531R73C,639,2025-09-15 11:30:01,2025-09-15 11:36:00,ADH101,W5323760,201,2025-09-15 10:29:08,66.86666666666666,1.1144444444444443
W5323760,62,2025-09-15 10:11:45,2025-09-15 10:15:47,ADH101,W5370010,174,2025-09-15 07:00:50,194.95,3.2491666666666665
W5370010,1,2025-09-15 06:32:56,2025-09-15 06:45:15,ADH106,W5370020,273,2025-09-15 06:45:07,0.13333333333333333,0.0022222222222222222
W5370020,13,2025-09-15 06:31:58,2025-09-15 06:34:58,ADH101,W5295880,257,2025-09-15 06:29:54,5.066666666666666,0.08444444444444445
W5295880,53,2025-09-15 06:12:45,2025-09-15 06:16:07,ADH101,W4439520,70,2025-09-15 05:56:48,19.316666666666666,0.3219444444444444
W4439520,14,2025-09-15 05:49:38,2025-09-15 05:53:19,ADH101,W5295510,123,2025-09-15 05:16:45,36.56666666666667,0.6094444444444445
W5295510,2,2025-09-15 04:59:36,2025-09-15 05:02:58,ADH101,W5348190,250,2025-09-15 03:25:10,97.8,1.63
W5348190,125,2025-09-15 03:12:06,2025-09-15 03:15:44,ADH101,W5369350,250,2025-09-15 01:14:31,121.21666666666667,2.020277777777778
W5369350,26,2025-09-15 01:01:12,2025-09-15 01:05:04,ADH101,W5029590,157,2025-09-15 00:50:15,14.816666666666666,0.24694444444444444
W5029590,79,2025-09-15 00:35:12,2025-09-15 00:49:15,ADH101,W5370000,333,2025-09-15 00:28:41,20.566666666666666,0.3427777777777778
W5370000,218,2025-09-15 00:15:44,2025-09-15 00:20:08,ADH101,,,,,
W535R85C,159,2025-09-14 23:05:20,2025-09-14 23:10:54,ADH101,W5370020,273,2025-09-14 21:48:31,82.38333333333334,1.3730555555555557
W5370020,13,2025-09-14 21:35:30,2025-09-14 21:39:13,ADH101,W537R93B,680,2025-09-14 18:31:49,187.4,3.1233333333333335
W537R93B,671,2025-09-14 18:25:06,2025-09-14 18:29:55,ADH101,W5369340,133,2025-09-14 16:31:11,118.73333333333333,1.978888888888889
W5369340,40,2025-09-14 16:10:46,2025-09-14 16:21:32,ADH105,W5348190,250,2025-09-14 16:21:18,0.23333333333333334,0.0038888888888888888
W5348190,125,2025-09-14 16:09:59,2025-09-14 16:13:08,ADH101,W5376970,342,2025-09-14 15:45:10,27.966666666666665,0.4661111111111111
W5376970,25,2025-09-14 15:18:47,2025-09-14 15:35:51,ADH101,W5370000,333,2025-09-14 15:04:06,31.75,0.5291666666666667
W5370000,218,2025-09-14 14:52:32,2025-09-14 14:55:56,ADH101,W536R91B,732,2025-09-14 14:49:25,6.516666666666667,0.10861111111111112
W536R91B,723,2025-09-14 14:44:00,2025-09-14 14:47:31,ADH101,W536931A,32,2025-09-14 13:37:02,70.48333333333333,1.1747222222222222
W536931A,26,2025-09-14 13:31:07,2025-09-14 13:34:41,ADH106,W5299560,276,2025-09-14 13:34:10,0.5166666666666667,0.008611111111111113
W5299560,203,2025-09-14 13:26:02,2025-09-14 13:32:17,ADH101,W4059740,218,2025-09-14 09:28:43,243.56666666666666,4.059444444444444
W4059740,1,2025-09-14 09:19:45,2025-09-14 09:27:34,ADH101,W5369350,250,2025-09-14 09:10:17,17.283333333333335,0.28805555555555556
W5369350,26,2025-09-14 08:57:15,2025-09-14 09:02:09,ADH101,W5362600,327,2025-09-14 05:13:33,228.6,3.81
W5362600,187,2025-09-14 04:19:58,2025-09-14 05:09:35,ADH101,W4509880,132,2025-09-14 04:15:41,53.9,0.8983333333333333
W4509880,59,2025-09-14 04:01:02,2025-09-14 04:05:03,ADH101,W5370000,333,2025-09-14 03:29:23,35.666666666666664,0.5944444444444444
W5370000,218,2025-09-14 02:15:05,2025-09-14 03:20:08,ADH101,W5348190,250,2025-09-14 02:08:59,71.15,1.1858333333333335
W5348190,125,2025-09-14 01:55:45,2025-09-14 01:59:27,ADH101,W525R522,702,2025-09-14 00:47:07,72.33333333333333,1.2055555555555555
W525R522,701,2025-09-14 00:43:22,2025-09-14 00:47:02,ADH101,W442929C,125,2025-09-13 23:42:12,64.83333333333333,1.0805555555555555
W442929C,105,2025-09-13 23:37:52,2025-09-13 23:41:40,ADH101,W5369350,250,2025-09-13 22:07:58,93.7,1.5616666666666668
W5369350,26,2025-09-13 21:55:06,2025-09-13 21:58:29,ADH101,W5362600,327,2025-09-13 20:56:24,62.083333333333336,1.0347222222222223
W5362600,187,2025-09-13 20:48:19,2025-09-13 20:52:26,ADH101,W439967B,203,2025-09-13 20:41:12,11.233333333333333,0.1872222222222222
W439967B,196,2025-09-13 20:36:18,2025-09-13 20:40:11,ADH101,W518996A,180,2025-09-13 19:33:43,66.46666666666667,1.1077777777777778
W518996A,58,2025-09-13 19:22:18,2025-09-13 19:27:37,ADH101,W516910A,167,2025-09-13 19:26:02,1.5833333333333333,0.02638888888888889
W516910A,24,2025-09-13 17:57:09,2025-09-13 19:25:26,ADH101,W450R24A,567,2025-09-13 14:44:33,280.8833333333333,4.681388888888889
W450R24A,562,2025-09-13 14:40:09,2025-09-13 14:44:01,ADH101,W449T960,225,2025-09-13 13:34:16,69.75,1.1625
W449T960,201,2025-09-13 13:15:34,2025-09-13 13:20:29,ADH101,W5335560,145,2025-09-13 13:16:05,4.4,0.07333333333333333
W5335560,48,2025-09-13 13:05:19,2025-09-13 13:09:06,ADH101,W518TA50,551,2025-09-13 13:04:18,4.8,0.08
W518TA50,502,2025-09-13 12:46:45,2025-09-13 12:50:31,ADH101,,,,,
W511394E,101,2025-09-13 11:37:20,2025-09-13 11:54:06,ADH106,W518T9X0,719,2025-09-13 11:53:39,0.45,0.007500000000000001
W518T9X0,617,2025-09-13 11:27:05,2025-09-13 11:34:01,ADH102,W449T910,250,2025-09-13 11:32:50,1.1833333333333333,0.01972222222222222
W449T910,226,2025-09-13 10:58:54,2025-09-13 11:12:36,ADH105,W518T9W0,823,2025-09-13 11:11:23,1.2166666666666666,0.020277777777777777
W518T9W0,539,2025-09-13 10:54:12,2025-09-13 10:57:36,ADH101,W442929C,125,2025-09-13 10:52:27,5.15,0.08583333333333334
W442929C,105,2025-09-13 10:48:54,2025-09-13 10:51:55,ADH101,W5369350,250,2025-09-13 10:38:42,13.216666666666667,0.22027777777777777
W5369350,26,2025-09-13 10:20:43,2025-09-13 10:29:24,ADH101,W5348190,250,2025-09-13 09:20:45,68.65,1.1441666666666668
W5348190,125,2025-09-13 09:07:43,2025-09-13 09:11:29,ADH101,W5179410,187,2025-09-13 06:53:32,137.95,2.2991666666666664
W5179410,10,2025-09-13 06:35:48,2025-09-13 06:42:54,ADH101,W449T950,239,2025-09-13 06:13:01,29.883333333333333,0.49805555555555553
W449T950,190,2025-09-13 05:55:50,2025-09-13 05:59:13,ADH101,W5362600,327,2025-09-13 05:41:49,17.4,0.29
W5362600,187,2025-09-13 05:27:26,2025-09-13 05:31:29,ADH103,W518996A,180,2025-09-13 05:31:18,0.18333333333333332,0.0030555555555555553
W518996A,58,2025-09-13 04:31:21,2025-09-13 05:27:23,ADH101,,,,,
W511394E,101,2025-09-13 03:01:29,2025-09-13 03:05:01,ADH101,,,,,
W511394E,101,2025-09-13 00:37:26,2025-09-13 00:56:27,ADH102,W5335560,145,2025-09-13 00:55:58,0.48333333333333334,0.008055555555555555
W5335560,48,2025-09-13 00:28:15,2025-09-13 00:45:46,ADH105,W5295890,251,2025-09-13 00:44:34,1.2,0.02
W5295890,145,2025-09-12 23:37:41,2025-09-13 00:30:47,ADH101,W5335560,145,2025-09-12 18:13:04,377.71666666666664,6.295277777777778
W5335560,48,2025-09-12 18:01:20,2025-09-12 18:04:49,ADH101,W5319960,208,2025-09-12 17:59:18,5.516666666666667,0.09194444444444444
W5319960,60,2025-09-12 17:48:04,2025-09-12 17:55:20,ADH101,W504977A,84,2025-09-12 17:40:55,14.416666666666666,0.24027777777777776
W504977A,77,2025-09-12 17:28:42,2025-09-12 17:38:31,ADH104,W518996A,180,2025-09-12 17:37:28,1.05,0.0175
W518996A,58,2025-09-12 16:59:19,2025-09-12 17:27:48,ADH102,W5295860,275,2025-09-12 17:26:50,0.9666666666666667,0.01611111111111111
W5295860,77,2025-09-12 16:56:35,2025-09-12 17:07:11,ADH105,W5369330,268,2025-09-12 17:07:03,0.13333333333333333,0.0022222222222222222
W5369330,26,2025-09-12 16:53:38,2025-09-12 16:57:15,ADH101,,,,,
W518R10D,803,2025-09-12 16:36:35,2025-09-12 16:44:25,ADH101,,,,,
W518R100AB,807,2025-09-12 16:36:02,2025-09-12 16:41:28,ADH101,,,,,
W518R100AA,804,2025-09-12 16:27:04,2025-09-12 16:39:27,ADH101,W442929C,125,2025-09-12 07:53:10,526.2833333333333,8.771388888888888
W442929C,105,2025-09-12 07:49:09,2025-09-12 07:52:21,ADH101,W5039010,197,2025-09-12 07:28:13,24.133333333333333,0.4022222222222222
W5039010,195,2025-09-12 07:22:44,2025-09-12 07:28:07,ADH101,W506949B,101,2025-09-12 03:32:18,235.81666666666666,3.9302777777777775
W506949B,63,2025-09-12 03:26:45,2025-09-12 03:31:13,ADH101,,,,,
W511394E,101,2025-09-12 01:57:28,2025-09-12 02:05:44,ADH101,W4429290,90,2025-09-11 23:56:02,129.7,2.1616666666666666
W4429290,61,2025-09-11 23:51:47,2025-09-11 23:55:31,ADH101,W530973A,34,2025-09-11 22:48:34,66.95,1.1158333333333335
W530973A,1,2025-09-11 22:45:07,2025-09-11 22:47:51,ADH101,,,,,
W523901A,288,2025-09-11 20:46:22,2025-09-11 21:24:52,ADH101,W5319960,208,2025-09-11 20:29:18,55.56666666666667,0.9261111111111112
W5319960,60,2025-09-11 20:13:39,2025-09-11 20:21:07,ADH101,W5362600,327,2025-09-11 19:29:49,51.3,0.855
W5362600,187,2025-09-11 19:20:44,2025-09-11 19:25:51,ADH101,W449T920,197,2025-09-11 18:32:21,53.5,0.8916666666666667
W449T920,20,2025-09-11 18:14:40,2025-09-11 18:18:33,ADH101,W4429290,90,2025-09-11 17:44:32,34.016666666666666,0.5669444444444445
W4429290,61,2025-09-11 17:40:43,2025-09-11 17:44:06,ADH101,W5039010,197,2025-09-11 17:27:07,16.983333333333334,0.28305555555555556
W5039010,195,2025-09-11 17:23:15,2025-09-11 17:26:57,ADH101,W518TA20,784,2025-09-11 17:21:14,5.716666666666667,0.09527777777777778
W518TA20,526,2025-09-11 17:04:07,2025-09-11 17:07:27,ADH101,W517R03A,602,2025-09-11 16:48:33,18.9,0.315
W517R03A,532,2025-09-11 16:33:38,2025-09-11 16:46:39,ADH101,W506949C,176,2025-09-11 16:05:19,41.333333333333336,0.6888888888888889
W506949C,102,2025-09-11 16:00:57,2025-09-11 16:04:19,ADH101,W530973A,34,2025-09-11 15:08:24,55.916666666666664,0.9319444444444444
W530973A,1,2025-09-11 15:04:07,2025-09-11 15:08:04,ADH101,W531R73C,812,2025-09-11 14:57:48,10.266666666666667,0.17111111111111113
W531R73C,639,2025-09-11 14:47:31,2025-09-11 14:53:09,ADH101,W520T8X0,805,2025-09-11 13:33:44,79.41666666666667,1.3236111111111113
W520T8X0,4,2025-09-11 13:20:57,2025-09-11 13:24:45,ADH101,W422T9F0,649,2025-09-11 13:18:39,6.1,0.10166666666666666
W422T9F0,348,2025-09-11 12:48:14,2025-09-11 13:04:46,ADH107,W527T940,667,2025-09-11 13:04:39,0.11666666666666667,0.0019444444444444444
W527T940,49,2025-09-11 12:28:54,2025-09-11 12:49:32,ADH103,W518TA00,350,2025-09-11 12:48:20,1.2,0.02
W518TA00,301,2025-09-11 12:09:18,2025-09-11 12:28:06,ADH106,W449T930,275,2025-09-11 12:26:55,1.1833333333333333,0.01972222222222222
W449T930,139,2025-09-11 11:48:22,2025-09-11 12:07:17,ADH102,W518TA60,501,2025-09-11 12:06:51,0.43333333333333335,0.007222222222222223
W518TA60,451,2025-09-11 11:19:52,2025-09-11 11:47:13,ADH105,W518T9Z0,650,2025-09-11 11:46:01,1.2,0.02
W518T9Z0,601,2025-09-11 11:19:31,2025-09-11 11:32:14,ADH101,W4439520,70,2025-09-11 09:54:08,98.1,1.635
W4439520,14,2025-09-11 09:46:08,2025-09-11 09:50:40,ADH101,W530973A,34,2025-09-11 09:36:55,13.75,0.22916666666666666
W530973A,1,2025-09-11 09:30:16,2025-09-11 09:35:23,ADH105,W5295870,179,2025-09-11 09:33:39,1.7333333333333334,0.02888888888888889
W5295870,89,2025-09-11 09:14:53,2025-09-11 09:19:44,ADH101,,,,,
W523901A,288,2025-09-11 07:59:14,2025-09-11 08:02:49,ADH101,,,,,
W523901A,288,2025-09-11 05:35:05,2025-09-11 05:56:58,ADH104,W442929C,125,2025-09-11 05:55:46,1.2,0.02
W442929C,105,2025-09-11 05:34:28,2025-09-11 05:52:02,ADH105,W5295480,280,2025-09-11 05:50:51,1.1833333333333333,0.01972222222222222
W5295480,76,2025-09-11 04:34:15,2025-09-11 05:37:04,ADH101,W5295070,185,2025-09-11 03:48:06,108.96666666666667,1.8161111111111112
W5295070,7,2025-09-11 03:28:05,2025-09-11 03:34:19,ADH101,,,,,
W511394E,101,2025-09-10 23:00:46,2025-09-10 23:05:05,ADH101,W517988A,188,2025-09-10 20:36:22,148.71666666666667,2.4786111111111113
W517988A,38,2025-09-10 20:32:33,2025-09-10 20:35:43,ADH101,W5295060,279,2025-09-10 20:28:18,7.416666666666667,0.12361111111111112
W5295060,165,2025-09-10 19:53:46,2025-09-10 20:14:30,ADH101,W703T7J0B4,655,2025-09-10 19:02:48,71.7,1.195
W703T7J0B4,16,2025-09-10 18:40:57,2025-09-10 18:48:37,ADH103,W5369330,268,2025-09-10 18:48:30,0.11666666666666667,0.0019444444444444444
W5369330,26,2025-09-10 18:28:23,2025-09-10 18:31:45,ADH106,W519WAH010,808,2025-09-10 18:30:37,1.1333333333333333,0.01888888888888889
W519WAH010,36,2025-09-10 17:57:35,2025-09-10 18:19:54,ADH102,W5335560,145,2025-09-10 18:19:46,0.13333333333333333,0.0022222222222222222
W5335560,48,2025-09-10 17:56:53,2025-09-10 18:11:24,ADH105,W5199080,265,2025-09-10 18:10:35,0.8166666666666667,0.01361111111111111
W5199080,52,2025-09-10 17:23:51,2025-09-10 17:59:58,ADH101,W523901C,287,2025-09-10 14:55:07,184.85,3.080833333333333
W523901C,285,2025-09-10 14:51:27,2025-09-10 14:54:53,ADH101,W442929C,125,2025-09-10 14:21:40,33.21666666666667,0.5536111111111112
W442929C,105,2025-09-10 14:16:46,2025-09-10 14:21:03,ADH101,W509R440,634,2025-09-10 07:40:50,400.21666666666664,6.670277777777778
W509R440,630,2025-09-10 07:36:49,2025-09-10 07:40:24,ADH101,W5295050,225,2025-09-10 06:38:30,61.9,1.0316666666666667
W5295050,27,2025-09-10 06:19:16,2025-09-10 06:25:09,ADH101,,,,,
W523901A,288,2025-09-10 05:50:45,2025-09-10 05:54:47,ADH101,W5335560,145,2025-09-10 04:36:57,77.83333333333333,1.297222222222222
W5335560,48,2025-09-10 04:26:26,2025-09-10 04:32:59,ADH101,W5295500,125,2025-09-10 01:41:46,171.21666666666667,2.8536111111111113
W5295500,78,2025-09-10 01:23:02,2025-09-10 01:27:58,ADH101,W5369330,268,2025-09-10 00:13:20,74.63333333333334,1.243888888888889
W5369330,26,2025-09-09 23:56:47,2025-09-10 00:04:04,ADH101,,,,,
